tag;sequence
EF07-701;GCTATTCGCATCCGGCTGGGTGGCAGGGGGATTGGTAAGG
EF07-702;GGGTGGTGGGTGGGGGGCAAGCTACTTGCCTATTTTCGTA
EF07-703;CTGAGACGGGTTCAGGGTGTGGTTGGAGGGAATGGGGCTG
EF07-704;GTTTCGGGGGGGGGGGGAACACATTTGTGTAACAAACAGTC
EF07-705;TTAATCATAATGACAGGGAGGGGGGTGGCGGTCGGCGGGT
EF07-706;GTTTCGGGGGGGGGGGAACACATTTGTGTAACAAACAGTC
EF07-707;CCGGCGTTTTTGAGGGGGTGGTGCTTGGGGGAACGGGCCA
EF07-708;TTCGGGGGGGTGGGGAATTCCATTGCTATGGTAGACTAAT
EF07-709;CAAAGTCAAAAGACATACAGGCCGTCTGTACGTCCCTTCC
EF07-710;CCTGGAACGGGGGGTGGGTAGTATCTAGCATCATAGGTTA
EF07-711;CTTAAGCTCTCACCCAATAACCGATCCTGGGCACGATAGC
EF07-712;TCTTACGGTCGGAAGTGGCTAAGGGAGGTGGGGACAAAGG
EF07-713;GGCTGGTTTGGGTGGGGCGCATCACTTTATCGACGTTCAA
EF07-714;CACCACGCACTGGCACCGTCTCCCCTCCTGGCCACACACC
EF07-715;ATCTCTCTCCATCGATTGGGTGGGGCCGCAGCATATGCGA
EF07-716;ACACCTCAAATGTACTCTGCCCTATTCAACGGACTACACA
EF07-717;ATTCTCACTTCGTCAACATACGACCACTAGCCATGATTGA
EF07-718;GTCCAATGCTGGATCATACCTTGTCTCATCAAGTGCACCC
EF719;TCATTCCGTCAGTCATGGCCGGAGGTGGTTTGATGGGTGC
EF720;ATGTCCACTTCAATTCACGTGTACTATGCATACAAAAGCC
EF721;GTTGGGGGCGGCGGCTGTGGTTCCCATCTGTTAAGTACGC
EF722;CGCCCAATGATCAGGGGTGTCCACAATAGTCCACCTGATG
EF723;CTTGGGTGAGGGTGGGAGGGTCATATGTCGAGTCGCTGTA
EF724;TTTCCCTCCGCTGCTAGGTAAGGCATGTACTAATCAGACC
EF725;CCGGCATTGGGTCAATAGGTGGGTGGGGGGGGTCTAATAT
EF726;CTCCTTTCTCTCAATATAAGGCGTCGGTGGATTGGGGGTG
EF727;CTGTCTGCATACGATTGGCCTAGGATCCCTGTGGTATCGC
EF728;CACTCTTCTCTACCGACGCCACCCCTGACCCGGTGCGGTC
EF729;TCGGCGGGCGGGGGATACAGGCCTTTTGACAAAGATCAGC
EF730;AGCTCAAGGGTGGAGGAGGGCCGCCTCAGGTGAATCGGTA
EF731;AAGCCCTATGTCATTCTCCTCAACTCGTATGCCGAGATCCG
EF732 = 729;TCGGCGGGCGGGGGATACAGGCCTTTTGACAAAGATCAGC
EF733;GCCCGATTCCTCCCTGGCGGCGGCTCGGTCTAAGGCAGAA
EF734;AGCTCTTAGTTCGTTCGTACTCGCGGTTGGGGGGGGGGGGCG
EF735;GTCCTCGGTCGGTGGGTGGGAATTGTCGCACTTCCTTACT
EF736;ATTCTCTTATACGCCGGGTGGAGGATGGAGCTGATTGTGA
EF737;TTTTGGCCGTCTCGACTAATCATTTGGGCACTGTACACAT
EF738;GTTTCGGGGGGGGGGGGAACACATTGGTGTAACAAACAGTC
EF739;CGGGGGGTGGCAGCGCGGATACGTTTCCCTGCTTTGTGAC
EF740;ATGTCCACTTCAATTCACGTGTACTATGCATACAAAAGCC
EF741;GTTTCGGGGGGGGGGGGGAACACATTTGTGTAACAAACAGTC
EF742;GTCCTCGGTCGGTGGGTGGGAATTGTCGCACTTCCTTACT
EF743;CCGTCTCTCGCGCGGTGTTGGTCTGCGCCAGCCTCCAGGAG
EF744;GTATGCCTTGTCTACATTCACACCCTACGTCAAGCCTTTC
EF745;CCGGCATTGGGTCAATAGGTGGGTGGGGGGGGTCTAATAT
EF746;GTGCTTTCGTGCGCCCACGATGTTGGCCGATGGTGGACTC
EF747;ATCCGCGTTCATGATTCGAAATCATCCTTTCCCTGTCCCG
EF748;GATCCAATATCATCAACATCTTCTCTGGCAACGCAAGTTT
EF749;GGCGGGTGGTTGGAGGGATTCATCAATCCGATGGGTGCTT
EF750;GTTTCGGGGGGGGGGGGAACACATTGGTGTAACAAACAGTC
EF751;CCGGATAACAGCAGCGTGGGCTTTAATGGGGGTTGGCGGT
EF752;AGCTCAAGGGTGGAGGAGGGCCGCCTCAGGTGAATCGGTA
EF753;AGCCCTGGAGGTGGTGGCCCGGATCACTCGCACAACTTAA

